Section,Column A,Column B,Column C,Column D,Column E,Column F
META,Document,Minecore specification (Kasparex codebase),,,,
META,Generated (UTC),2026-04-26,,,,
META,Source paths,src/lib/game/minecore/*; hooks/useMinecore.ts; src/lib/games/registry.ts,,,,
,,,,,,
Overview,Field,Value,Notes,,,
Overview,Name / slug,Minecore / minecore,,,,
Overview,Route,/games/minecore,,,,
Overview,Registry version,0.1.0 (beta),,,,
Overview,Persistence key,minecore-state:{kaspaAddress|guest},localStorage,,,
Overview,State version (initial),1,,,,
Overview,Mining reconnect grace,24 hours,RECONNECT_GRACE_MS,,,
Overview,Refine rate,1 diamond → 1 refinement point,MINECORE_REFINE_RATE,,,
Overview,GRID redeemable field,Placeholder,gridRedeemableTotal not updated by apply-event,,,
Overview,Default plant slots,4,MINECORE_DEFAULT_PLANT_SLOTS,,,
Overview,Slot unlock cost,1 KAS,minecore:slot:unlock,,,
Overview,Slot expand cost,50 KAS,minecore:slot:expand,,,
Overview,Plant recharge,1.5 KAS per reserve unit,MINECORE_PLANT_RECHARGE_COST_KAS,,,
Overview,Repair chance on extract,2%,Math.random() < 0.02,,,
Overview,Expected diamonds formula,floor(baseOutput × worker × boost × batteryEff × (1 + Σ moduleBonus)),computePlantExpectedDiamonds,,,
,,,,,,
Currencies,Resource,Role,,,,
Currencies,Ingredients,8 types in IngredientBag (craft / power install),,,,
Currencies,Owned items,Counts: machines batteries workers modules,,,,
Currencies,Diamonds,Balance + accumulated + live cycle diamonds,,,,
Currencies,Refinement points,From Refine (1:1 in v1),,,,
Currencies,Shop,KAS (KREX tier discount) KREX GRID on some rows,,,,
,,,,,,
PlantPresets,Type,Label,costKas,Description,,
PlantPresets,standard,Standard Plant,0,Basic mining operations.,,
PlantPresets,premium,Premium Plant,50,Upgraded infrastructure.,,
PlantPresets,advanced,Advanced Complex,250,Industrial-scale mining.,,
,,,,,,
Machines,id,label,durationMs,durationHuman,baseOutput,powerConsumptionFactor
Machines,pulse-drill,Pulse Drill,600000,10 min,50,1
Machines,crystal-extractor,Crystal Extractor,1800000,30 min,180,1.5
Machines,deep-vein-rig,Deep Vein Rig,3600000,60 min,420,2.5
Machines,quantum-fracturer,Quantum Fracturer,21600000,6 h,3200,6
Machines,NOTE,CSV snapshot may drift  -  see MINECORE_MACHINES for miningSpeedMultiplier + live powerConsumptionFactor,,,,
Machines,NOTE,Battery drain is 1:1 nominal stored-charge ms (rigs do not shorten runtime),,,,
,,,,,,
Batteries,id,label,efficiency,powerCapacity,chargeCapacityMs,chargeHuman
Batteries,energy-cell,Energy Cell,1,1,1800000,30 min
Batteries,battery-pack,Battery Pack,1.15,2,3600000,60 min
Batteries,diamond-capacitor,Diamond Capacitor,1.3,3,7200000,120 min
Batteries,grid-battery,Grid Battery,1.5,4,21600000,360 min
Batteries,NOTE,Only energy-cell is craftable in MINECORE_RECIPES,,,,
,,,,,,
PowerSources,id,label,kind,maxPowerUnits,drainRateMult,energyBudgetMult / installRequires
PowerSources,vein-thermal,Deep Vein Thermal,thermal,4,1.05,1.0 | crystalDust 40 energyCells 2 circuitMesh 2
PowerSources,fission-bdag,Packed DAG Fission,fission,6,0.92,1.08 | coreShards 2 alloyPlates 12 nullFragments 1 energyCells 3
PowerSources,krex-catalyst,Krex Catalytic Stack,catalytic,5,0.88,1.12 | coolingGel 8 ariaChips 3 circuitMesh 4
PowerSources,aria-photon,ARIA Photonic Array,renewable,5,0.85,1.15 | circuitMesh 6 energyCells 2 crystalDust 30
PowerSources,null-reactor,Null-Shell Reactor,exotic,3,0.8,1.2 | nullFragments 2 coreShards 1 circuitMesh 8 alloyPlates 6
,,,,,,
Modules,id,label,outputBonus,failureReduction,,
Modules,cooling-module,Cooling Module,0.05,0.05,,
Modules,stability-module,Stability Module,0.04,0.08,,
Modules,aria-sensor,ARIA Sensor,0.06,0.06,,
Modules,vector-drill-chip,Vector Drill Chip,0.08,0.04,,
Modules,NOTE,failureReduction not used in compute.ts yield,,,,
,,,,,,
Workers,id,label,multiplier,,,
Workers,worker,Worker,1.1,,,
Workers,operator,Operator,1.5,,,
Workers,NOTE,Starter 1 worker 0 operator; no operator craft recipe,,,,
,,,,,,
Boosts,id,label,multiplier,,,
Boosts,none,No boost,1,,,
Boosts,krex-boost,KREX Boost,1.5,,,
Boosts,kas-overclock,KAS Overclock,2,,,
Boosts,grid-efficiency,GRID Efficiency,1.2,,,
,,,,,,
Recipes,recipeId,kind,outputId,requires,,
Recipes,pulse-drill,machine,pulse-drill,alloyPlates 10 circuitMesh 5 energyCells 2,,
Recipes,crystal-extractor,machine,crystal-extractor,alloyPlates 18 circuitMesh 10 ariaChips 2 energyCells 4,,
Recipes,deep-vein-rig,machine,deep-vein-rig,alloyPlates 35 circuitMesh 16 coreShards 3 energyCells 6,,
Recipes,energy-cell,battery,energy-cell,circuitMesh 2 energyCells 1,,
Recipes,cooling-module,module,cooling-module,coolingGel 6 alloyPlates 4,,
Recipes,stability-module,module,stability-module,alloyPlates 6 circuitMesh 4,,
Recipes,aria-sensor,module,aria-sensor,ariaChips 4 circuitMesh 4,,
Recipes,vector-drill-chip,module,vector-drill-chip,circuitMesh 8 nullFragments 1,,
,,,,,,
StarterIngredients,ingredient,amount,,,,
StarterIngredients,crystalDust,200,,,,
StarterIngredients,alloyPlates,60,,,,
StarterIngredients,circuitMesh,40,,,,
StarterIngredients,energyCells,30,,,,
StarterIngredients,coreShards,10,,,,
StarterIngredients,coolingGel,25,,,,
StarterIngredients,ariaChips,15,,,,
StarterIngredients,nullFragments,5,,,,
,,,,,,
MiningCycle,Rule,Behavior,,,,
MiningCycle,StartMining,Costs 1 reserve unit; needs setup power charge > 0 no active cycle,,,,
MiningCycle,Live diamonds,Linear in time vs durationMs; capped by battery runtime and cycle end,,,,
MiningCycle,StopMining,Pause: no drain; Resume extends endAtMs,,,,
MiningCycle,ExtractionReady,now >= endAtMs if battery not empty earlier,,,,
MiningCycle,BatteryEmpty,Charge 0 before cycle end,,,,
MiningCycle,Extract,Banks accumulated + live; clears cycle; 2% needsRepair,,,,
MiningCycle,Refine mid-cycle,mintedOffset; full siphon before natural end refunds 1 reserve unit,,,,
,,,,,,
ShopUI,itemId,title,baseKas,Other prices / notes,,
ShopUI,crystalDust,Crystal Dust,0.5,KREX 0.5,,
ShopUI,alloyPlates,Alloy Plates,2,KREX 1.2,,
ShopUI,circuitMesh,Circuit Mesh,1.5,KREX 1.0 GRID 0.4,,
ShopUI,energyCells,Energy Cells,3,KREX 2.5 GRID 0.3,,
ShopUI,kas-overclock,KAS Overclock,5,KAS only,,
ShopUI,krex-boost,KREX Boost,0,KREX 25 UI disabled Soon,,
ShopUI,power-topup,Plant recharge,2.5,Per unit + full battery,,
ShopUI,repair,Stability Patch,2,KAS,,
,,,,,,
PaidKAS,Action,Amount / pattern,skuId / notes,,,
PaidKAS,Plant recharge,1.5 KAS × units,minecore:plant:recharge,,,
PaidKAS,Slot unlock,1 KAS,minecore:slot:unlock,,,
PaidKAS,Slot expand,50 KAS,minecore:slot:expand,,,
PaidKAS,Plant upgrade,50 / 250 KAS,minecore:upgrade:{slot}:{type},,,
PaidKAS,Ingredient buy,line total,minecore:ingredient:{name},,,
PaidKAS,Power top-up,,minecore:power:topup,,,
PaidKAS,Battery refill,,minecore:battery:refill,,,
PaidKAS,Repair,,minecore:repair,,,
PaidKAS,KAS discount,,KREX tier discount in useMinecore,,,
,,,,,,
NFT_Automation,Topic,Detail,,,,
NFT_Automation,Slot types,worker operator foreman engineer,,,,
NFT_Automation,foremanActive,Any foreman slot has NFT,,,,
NFT_Automation,autoRestart,Extract ExtractionReady; StartMining ReadyToMine,,,,
NFT_Automation,Foreman refill,Intended energy cell + RefillBattery; AddIngredients clamps negatives,,,,
,,,,,,
PlantStatus,status,Meaning,,,,
PlantStatus,EmptySlot,Not unlocked,,,,
PlantStatus,SetupIncomplete,Missing machine battery or worker,,,,
PlantStatus,ReadyToMine,Setup OK reserve > 0 no cycle,,,,
PlantStatus,MiningActive,Cycle running not paused battery > 0,,,,
PlantStatus,MiningPaused,Paused,,,,
PlantStatus,BatteryEmpty,Mid-cycle battery depleted,,,,
PlantStatus,ExtractionReady,Cycle window ended,,,,
PlantStatus,NeedsRepair,Repair flag set,,,,
PlantStatus,NeedsPower,powerRemaining <= 0 no cycle,,,,
,,,,,,
Redeem_Ledger,Topic,Detail,,,,
Redeem_Ledger,Refine,1:1 to points; grid ledger last 200 rows,,,,
Redeem_Ledger,RedeemGrid event,Subtracts refinement points only,,,,
Redeem_Ledger,API,GET /api/games/minecore/grid-ledger?address=,,,,
